{"stat.chestOpened":2,"stat.walkOneCm":130568,"stat.mineBlock.minecraft.dark_oak_fence":1,"stat.pickup.minecraft.wooden_axe":1,"stat.leaveGame":11,"stat.pickup.minecraft.arrow":2,"stat.craftItem.minecraft.crafting_table":1,"stat.useItem.minecraft.potion":3,"stat.pickup.minecraft.log":63,"stat.jump":338,"stat.fallOneCm":1730,"stat.drop.minecraft.planks":1,"stat.crouchOneCm":343,"stat.pickup.minecraft.birch_stairs":1,"stat.sprintOneCm":42350,"stat.pickup.minecraft.red_mushroom":64,"stat.useItem.minecraft.stone_slab2":1886,"stat.useItem.minecraft.fireworks":10,"stat.craftingTableInteraction":1,"stat.craftItem.minecraft.planks":4,"stat.pickup.minecraft.fireworks":101,"stat.damageTaken":510,"stat.useItem.minecraft.dark_oak_fence":4,"stat.pickup.minecraft.dark_oak_fence":65,"stat.pickup.minecraft.dark_oak_stairs":1,"stat.aviateOneCm":801599,"stat.pickup.minecraft.planks":3,"stat.flyOneCm":6711837,"stat.deaths":2,"stat.pickup.minecraft.concrete":1,"stat.drop":1,"stat.playOneMinute":391370,"stat.sneakTime":9251,"stat.pickup.minecraft.wool":2,"stat.pickup.minecraft.elytra":1,"stat.timeSinceDeath":22651,"stat.pickup.minecraft.chest":1}