close_value,cv_diff_value,cv_diff_rate,cv_ma3_value,cv_ma4_value,cv_ma5_value,cv_ma3_rate,cv_ma4_rate,cv_ma5_rate,ud_3d,ud_4d,ud_5d,cv3d_diff_rate,cv4d_diff_rate,cv5d_diff_rate,cv_diff_rate_rate,Skhynix_cv_diff_value,samsung_cv_diff_value,kosdaq_diff_rate,predict_value
1995,0,0.0,1992,1992,1992,0.08361204,0.12554927800000001,0.050226017000000005,0,0,0,0.0,0.0,0.0,0.0,-300,28000,2.17,0.0009161072412098292
1995,0,0.0,1991,1991,1991,0.167504188,0.06281407,0.050251255999999994,0,0,0,0.0025125629999999998,0.005037783,0.0025125629999999998,-0.251256281,-3100,-87000,-2.5,0.002815942745655775
1995,5,0.251256281,1990,1990,1990,0.083822297,0.062853551,0.0,0,0,0,0.005037783,0.0025125629999999998,0.0025125629999999998,-0.0006328880000000001,-100,-34000,-1.08,0.0039035419356423517
1990,5,0.25188916899999997,1990,1990,1990,0.0,-0.06281407,-0.050226017000000005,0,0,0,0.0025125629999999998,0.0025125629999999998,0.0,0.50314545,3000,18000,-1.2,0.0004541414091363549
1985,-5,-0.251256281,1991,1991,1991,-0.167364017,-0.125470514,-0.100351229,0,0,0,0.0,-0.002506266,-0.002506266,-0.251256281,1500,29000,-0.08,-0.0008402301609748974
1990,0,0.0,1993,1993,1993,-0.08361204,-0.062695925,-0.050150451,-1,-1,-1,-0.005012531,-0.005012531,-0.005012531,0.250626566,-300,-22000,-0.68,-0.0033007423298840877
1990,-5,-0.250626566,1994,1994,1994,-0.083542189,-0.062656642,-0.100200401,-1,-1,-1,-0.002506266,-0.002506266,-0.002506266,-0.250626566,-800,-13000,0.33,-0.0032273084070766345
1995,0,0.0,1996,1996,1996,0.0,-0.062617408,-0.050075113,-1,-1,-1,-0.002506266,-0.002506266,-0.005,0.0,-1000,-39000,1.57,-0.0016989193827612326
1995,0,0.0,1997,1997,1997,-0.083472454,-0.062578223,0.20070245899999997,-1,-1,-1,0.0,-0.0025,-0.0025,0.0,-900,16000,-0.43,-0.001712930534267798
1995,0,0.0,1993,1993,1993,-0.083402836,0.250941029,0.050200802999999995,-1,-1,0,-0.0025,-0.0025,0.010126582,0.25,0,-11000,1.62,-0.0033390164007869316
1995,-5,-0.25,1992,1992,1992,0.334728033,0.06277463900000001,0.0,-1,0,0,-0.0025,0.010126582,0.0025125629999999998,-0.25,2700,63000,-1.76,-0.003713948099175468
2000,0,0.0,1992,1992,1992,0.167644593,0.06281407,0.100502513,0,0,0,0.010126582,0.0025125629999999998,0.0,-1.265822785,-1500,36000,-1.71,0.008679104066686705
2000,25,1.265822785,1990,1990,1990,0.08389261699999999,0.125786164,0.25188916899999997,0,0,0,0.0050251259999999996,0.002506266,0.0050251259999999996,2.019591629,-400,-62000,-0.69,0.003985350973380264
1975,-15,-0.7537688440000001,1985,1985,1985,-0.251046025,0.0,-0.150905433,0,0,0,0.002506266,0.0050251259999999996,0.012658228,-0.503142278,-1200,-4000,0.55,-0.004973946895916015
1990,-5,-0.250626566,1988,1988,1988,0.251677852,0.0,-0.150678051,0,0,0,-0.007537688000000001,0.0,-0.007537688000000001,-0.5018828470000001,1700,25000,-1.68,0.0006430403882404789
1995,5,0.251256281,1991,1991,1991,0.083963056,-0.125628141,0.050251255999999994,0,0,0,0.0075949369999999995,0.0,-0.007481297,-0.50823739,600,2000,1.34,0.006851061130873859
1990,15,0.759493671,1990,1990,1990,-0.251256281,0.0,0.0,0,0,0,0.0025125629999999998,-0.004987531,0.0025125629999999998,1.513262515,-5600,-90000,-3.13,0.0016828104271553457
1975,-15,-0.7537688440000001,1990,1990,1990,-0.250626566,-0.18808777399999999,-0.200601805,0,0,0,-0.007481297,0.0,0.0,-0.005639168000000001,-200,-34000,1.51,-0.008099048394797137
1990,-15,-0.7481296759999999,1994,1994,1994,0.0,-0.062656642,0.0,0,0,0,-0.007537688000000001,-0.007537688000000001,-0.010025063,-1.50189852,-500,32000,-2.78,0.0009880479337880388
2005,15,0.7537688440000001,1994,1994,1994,0.167364017,0.18832391699999998,0.050175615,0,0,0,0.0,-0.002506266,0.0,0.7537688440000001,-2000,-141000,-1.32,0.005666706565534696
1990,0,0.0,1993,1993,1993,0.0,-0.12539185,-0.100250627,0,0,0,0.005012531,0.007537688000000001,0.0025,0.250626566,400,8000,1.43,-0.0006857157168269623
1990,-5,-0.250626566,1995,1995,1995,-0.167084378,-0.125234815,-0.100150225,0,0,0,0.0,-0.005,-0.005,-0.5018828470000001,-2100,-33000,0.82,0.0011754643346648663
1995,5,0.251256281,1997,1997,1997,-0.083472454,-0.062578223,-0.05005005,0,0,0,-0.005,-0.005,-0.005,0.751256281,1800,34000,1.48,-0.0008739614859223366
1990,-10,-0.5,1998,1998,1998,-0.166666667,-0.125,-0.1,0,0,0,-0.0025,-0.0025,-0.0025,-0.5,2900,4000,-0.13,-0.002525481628254056
2000,0,0.0,2000,2000,2000,0.0,0.0,0.0,-1,-1,-1,-0.005,-0.005,-0.005,0.0,-900,-31000,0.27,-0.001712930534267798
2000,0,0.0,2000,2000,2000,0.0,0.0,0.050025013,-1,-1,-1,0.0,0.0,0.0,0.0,500,2000,-0.03,-0.0019090867208433338
2000,0,0.0,1999,1999,1999,0.0,0.06253908700000001,0.0,-1,-1,0,0.0,0.0,0.002506266,0.0,500,22000,1.57,-0.0019090867208433338
2000,0,0.0,1999,1999,1999,0.083402836,0.0,0.0,-1,0,0,0.0,0.002506266,0.0,0.0,-1400,-29000,-0.94,-0.00164287474763114
2000,0,0.0,1999,1999,1999,0.0,0.0,-0.05,0,0,0,0.002506266,0.0,0.0,-0.250626566,1100,-23000,1.08,0.002223695904831402
2000,5,0.250626566,2000,2000,2000,0.0,-0.0625,0.0,0,0,0,0.0,0.0,-0.002493766,0.500626566,300,-1000,1.81,0.0008324216796609107
1995,-5,-0.25,2000,2000,2000,-0.166527893,-0.062460962,-0.049975012,0,0,0,0.0,-0.002493766,0.0,-0.25,-400,3000,2.05,-0.0005664975396939553
2000,0,0.0,2001,2001,2001,0.0,0.0,0.0,-1,0,0,-0.004987531,-0.0025,-0.0025,0.249376559,-800,-21000,1.25,-0.00322318660619203
2000,-5,-0.249376559,2001,2001,2001,0.0,0.0,0.0,0,0,0,0.0,0.0,0.0,-0.499376559,800,33000,1.2,0.0007690860875300132
2005,5,0.25,2001,2001,2001,0.083333333,0.0625,0.0,0,0,0,0.0,0.0,0.0,0.25,-1100,-14000,0.3,0.002524812429328449
2000,0,0.0,2001,2001,2001,0.0,-0.062460962,-0.04995005,0,0,0,0.0025,0.0025,0.0,0.0,-900,0,-0.44,0.001000174175715074
2000,0,0.0,2002,2002,2002,-0.083263947,-0.062421973,-0.049925112,-1,-1,-1,0.0,-0.002493766,-0.002493766,0.0,1000,-34000,0.37,-0.001979142500204034
2000,0,0.0,2003,2003,2003,-0.083194676,-0.062383032000000005,0.04995005,-1,-1,-1,-0.002493766,-0.002493766,-0.002493766,0.249376559,-1900,-8000,-0.47,-0.003069063910515979
2000,-5,-0.249376559,2002,2002,2002,-0.08312552,0.062421973,0.049975012,-1,-1,0,-0.002493766,-0.002493766,0.002506266,-0.249376559,3100,107000,0.69,-0.0037662605463992804
2005,0,0.0,2001,2001,2001,0.166527893,0.125,0.05,-1,0,0,-0.002493766,0.002506266,0.002506266,0.0,2400,52000,0.3,-0.0021752986940555274
2005,0,0.0,2000,2000,2000,0.166805671,0.06253908700000001,0.10010010000000001,0,0,0,0.005012531,0.005012531,0.0025,-0.501253133,1400,48000,0.8,0.003685407296870835
2005,10,0.501253133,1998,1998,1998,0.083472454,0.125234815,0.050075113,0,0,0,0.005012531,0.0025,0.005012531,0.501253133,-300,34000,0.57,0.003916840683814371
1995,0,0.0,1997,1997,1997,0.0,-0.062578223,-0.05005005,0,0,0,0.0025,0.005012531,0.0025,0.25,-3000,-75000,-1.59,-0.0002055770019069314
1995,-5,-0.25,1998,1998,1998,-0.083402836,-0.06253908700000001,-0.14992503699999998,0,0,0,0.0,-0.0025,-0.0025,-0.500626566,-100,-7000,0.73,0.0008952137341111666
2000,5,0.250626566,2001,2001,2001,0.0,-0.124921924,-0.04995005,0,0,0,-0.0025,-0.0025,-0.007462687,0.500626566,-2900,-13000,0.84,0.0012807786697521806
1995,-5,-0.25,2002,2002,2002,-0.24958402699999999,-0.12476606400000001,-0.099800399,0,0,0,0.0,-0.004975124,-0.002493766,-0.25,3500,23000,0.76,-0.0011129326303489506
2000,0,0.0,2004,2004,2004,-0.08312552,-0.06234414,-0.099700897,-1,0,0,-0.007462687,-0.004987531,-0.004987531,0.49751243799999995,2200,43000,0.37,-0.005132321908604354
2000,-10,-0.49751243799999995,2006,2006,2006,-0.083056478,-0.12453300099999999,-0.04982561,0,0,0,-0.002493766,-0.002493766,-0.004975124,-0.746888997,-1900,-89000,1.18,-0.0003418093838263303
2010,5,0.249376559,2007,2007,2007,0.0,0.062305295999999996,0.0,0,0,0,-0.002493766,-0.004975124,-0.002493766,0.249376559,-2600,-2000,0.32,0.002731247601332143
2005,0,0.0,2007,2007,2007,0.0,-0.062266500999999995,-0.049800797,0,0,0,0.0,0.002493766,0.0,0.24875621899999997,-700,44000,0.13,-0.0005203709079069085
2005,-5,-0.24875621899999997,2008,2008,2008,-0.082987552,-0.062227754,-0.049776008,0,0,0,0.0,-0.002487562,-0.002487562,-0.49813277799999994,-1900,-4000,-2.14,0.001147360511822626
2010,5,0.249376559,2009,2009,2009,0.0,0.0,0.099651221,0,0,0,-0.002487562,-0.002487562,-0.002487562,0.49813277799999994,-2400,-40000,-1.71,0.00121070264140144
2005,-5,-0.24875621899999997,2007,2007,2007,-0.08291874,0.062266500999999995,-0.049800797,0,0,0,0.0,0.0,0.005,-0.24875621899999997,-600,8000,-0.47,-0.0005310293054208159
2010,0,0.0,2008,2008,2008,0.166112957,0.0,-0.049776008,-1,0,0,-0.002487562,0.0025,-0.002487562,0.0,400,92000,0.37,-0.0018950755656987894
2010,0,0.0,2009,2009,2009,0.0,-0.062227754,0.0,0,0,0,0.005,0.0,-0.00248139,-0.5,5800,76000,-0.04,0.0030613976414315403
2010,10,0.5,2009,2009,2009,-0.082987552,0.0,0.0,0,0,0,0.0,-0.00248139,0.0,0.997512438,-300,1000,0.48,0.000924293100979412
2000,-10,-0.49751243799999995,2009,2009,2009,-0.165700083,-0.12430080800000001,-0.09945300800000001,0,0,0,-0.00248139,0.0,0.0,-0.24937348,800,-21000,0.69,-0.0037051746403449215
2010,-5,-0.24813895800000002,2011,2011,2011,0.0,0.0,-0.099354198,0,0,0,-0.004975124,-0.004975124,-0.004975124,-0.496895177,300,1000,0.5,0.0008390880866500083
2015,5,0.24875621899999997,2013,2013,2013,0.08291874,-0.062111800999999994,0.0,0,0,0,0.0,0.0,-0.004950495,0.24875621899999997,-4200,-98000,0.31,0.0029517123475670815
2010,0,0.0,2013,2013,2013,-0.165562914,-0.062073246,-0.09925558300000001,0,0,0,0.002487562,-0.0024752479999999998,0.0,0.0,3200,31000,-1.02,0.00042571677477099
2010,0,0.0,2015,2015,2015,-0.082712986,-0.12399256,0.0,-1,0,0,-0.004950495,-0.00248139,-0.004950495,0.495049505,0,10000,-1.56,-0.004809299191038008
2010,-10,-0.495049505,2015,2015,2015,-0.165152766,0.0,0.049652432999999996,0,0,0,-0.00248139,-0.004950495,0.0,-0.743188463,2400,29000,-1.26,-0.0009369707549922168
2020,5,0.24813895800000002,2014,2014,2014,0.165425972,0.18633540399999998,0.149179513,0,0,0,-0.004950495,0.0,0.002493766,0.49566371,1500,5000,-2.69,0.0006642473017564043
2015,-5,-0.247524752,2011,2011,2011,0.165700083,0.124378109,0.04975124400000001,0,0,0,0.004975124,0.007481297,0.007481297,-0.74503719,-500,-18000,-0.76,0.0024473773228237405
2020,10,0.49751243799999995,2010,2010,2010,0.249169435,0.12453300099999999,0.149476831,0,0,0,0.004987531,0.004987531,0.002487562,0.24813587899999998,2500,104000,0.09,0.004998379561584443
2010,5,0.249376559,2007,2007,2007,0.0,0.062305295999999996,-0.049800797,0,0,0,0.007481297,0.004975124,0.007481297,0.249376559,400,5000,0.04,0.0023109129215299617
2005,0,0.0,2008,2008,2008,0.0,-0.12445550699999999,-0.149179513,0,0,0,0.0,0.002493766,-0.00248139,0.24875621899999997,1100,34000,0.32,-0.0007725717296125367
2005,-5,-0.24875621899999997,2011,2011,2011,-0.165837479,-0.18633540399999998,-0.049701789,0,0,0,0.0,-0.0049627790000000005,-0.007425743,-0.49813277799999994,1000,1000,0.68,0.0007410370017169043
2010,5,0.249376559,2012,2012,2012,-0.165562914,0.0,0.09950248800000001,0,0,0,-0.0049627790000000005,-0.007425743,-0.002487562,0.745654475,900,-10000,0.82,-0.0007367811340373009
2005,-10,-0.49627791600000004,2010,2010,2010,-0.082712986,0.062150404000000006,-0.049726504000000005,0,0,0,-0.004950495,0.0,0.005,-0.248753164,1200,36000,1.11,-0.0037501443293876946
2015,-5,-0.247524752,2011,2011,2011,0.24875621899999997,0.062189055,0.099552016,0,0,0,-0.002487562,0.0025,-0.002487562,-0.74503719,1200,48000,-0.54,0.0022091876599006355
2020,10,0.49751243799999995,2009,2009,2009,0.166112957,0.186915888,0.149551346,0,0,0,0.0075,0.002487562,0.004987531,-0.002487562,-300,56000,1.76,0.00689441803842783
2010,10,0.5,2006,2006,2006,0.08312552,0.06234414,0.049875312000000005,0,0,0,0.004975124,0.007481297,0.007481297,0.997512438,1800,12000,-0.02,0.0006300588138401508
2000,-10,-0.49751243799999995,2005,2005,2005,-0.083056478,-0.062305295999999996,-0.049850449000000005,0,0,0,0.002493766,0.002493766,0.002493766,-0.746888997,1800,36000,-1.18,-0.0008602221496403217
2010,5,0.249376559,2006,2006,2006,0.08312552,0.06234414,0.099800399,0,0,0,-0.002493766,-0.002493766,-0.002493766,0.249376559,-600,-22000,-2.1,0.0024510244838893414
2005,0,0.0,2004,2004,2004,0.0,0.062383032000000005,-0.049875312000000005,0,0,0,0.002493766,0.002493766,0.005,0.0,100,8000,0.34,0.000860062613583068
2005,0,0.0,2005,2005,2005,0.083194676,-0.06234414,-0.049850449000000005,-1,0,0,0.0,0.0025,-0.002487562,0.0,100,6000,0.2,-0.001853042096399804
2005,0,0.0,2006,2006,2006,-0.08312552,-0.062305295999999996,0.0,0,0,0,0.0025,-0.002487562,-0.002487562,-0.25,900,6000,0.37,0.002247958822408691
2005,5,0.25,2006,2006,2006,-0.083056478,0.0,-0.099601594,0,0,0,-0.002487562,-0.002487562,0.0,0.747512438,-300,-1000,-0.24,-0.0005723224858229514
2000,-10,-0.49751243799999995,2008,2008,2008,-0.082987552,-0.18656716399999998,-0.09950248800000001,0,0,0,-0.002487562,0.0,-0.0049627790000000005,-0.49751243799999995,-500,-46000,-0.65,-0.0020342104689916596
2010,0,0.0,2010,2010,2010,-0.08291874,0.0,0.049776008,0,0,0,-0.002493766,-0.0074441690000000005,-0.004975124,-0.249376559,300,-25000,-0.02,0.002328285223484272
2010,5,0.249376559,2009,2009,2009,0.0,0.062227754,0.099651221,0,0,0,-0.00248139,0.0,0.002493766,0.745654475,100,2000,1.07,-0.0006246918817396363
2005,-10,-0.49627791600000004,2007,2007,2007,0.0,0.062266500999999995,0.049850449000000005,0,0,0,0.0,0.002493766,0.005,-0.745034135,-200,24000,0.34,-0.0005763310073234607
2015,5,0.24875621899999997,2006,2006,2006,0.249376559,0.187149095,0.099800399,0,0,0,0.0,0.0025,0.0025,-0.00062034,1000,8000,0.82,0.003719376999015367
2010,5,0.249376559,2004,2004,2004,0.166527893,0.062421973,0.0999001,1,0,0,0.0075,0.0075,0.004987531,-0.000623441,200,-3000,-0.83,0.0065520254747752915
2005,5,0.25,2002,2002,2002,0.0,0.062460962,0.0,0,0,0,0.005,0.002493766,0.005,0.25,600,-7000,0.52,0.002286622766405344
2000,0,0.0,2002,2002,2002,0.0,-0.062421973,0.0,0,0,0,0.0,0.0025,0.0,0.249376559,300,42000,0.7,-0.0006642046173510607
2000,-5,-0.249376559,2002,2002,2002,-0.083194676,0.0,-0.099800399,0,0,0,0.0,-0.002493766,0.0,-0.499376559,1000,60000,0.26,0.0007410637772409245
2005,5,0.25,2004,2004,2004,0.083263947,-0.062383032000000005,-0.099700897,0,0,0,-0.002493766,0.0,-0.004975124,0.499376559,3700,19000,0.93,0.00035603210562840104
2000,-5,-0.249376559,2006,2006,2006,-0.16625103900000002,-0.186799502,-0.149328024,0,0,0,0.0025,-0.002487562,-0.0049627790000000005,-0.499376559,-3000,-64000,-1.48,0.001301510026678443
2005,5,0.25,2009,2009,2009,-0.165975104,-0.124378109,0.049800797,0,0,0,-0.004975124,-0.0074441690000000005,-0.0074441690000000005,0.747512438,200,-19000,-1.02,-0.0006423782697311253
2000,-10,-0.49751243799999995,2008,2008,2008,-0.248344371,0.0,-0.09950248800000001,0,0,0,-0.0049627790000000005,-0.0049627790000000005,0.0025,-0.24937348,-2100,-72000,-1.31,-0.003298851108411327
2010,-5,-0.24813895800000002,2010,2010,2010,0.165837479,0.0,0.099601594,-1,0,0,-0.0074441690000000005,0.0,-0.004975124,-0.24813895800000002,2200,7000,0.02,-0.003632751351688057
2015,0,0.0,2008,2008,2008,0.082987552,0.186915888,0.149625935,0,0,0,0.005,0.0,0.005,-0.75,100,-6000,0.74,0.005360019113368253
2015,15,0.75,2005,2005,2005,0.24958402699999999,0.187265918,0.0499002,0,0,0,0.002487562,0.0075,0.0075,1.247512438,-1500,-4000,0.25,0.0025890432589221746
2000,-10,-0.49751243799999995,2004,2004,2004,0.0,-0.124688279,-0.099700897,0,0,0,0.0075,0.0075,0.002487562,-0.997512438,-2500,-61000,-3.17,0.00124598405091092
2010,10,0.5,2006,2006,2006,0.0,0.0,0.0,0,0,0,0.0,-0.004975124,-0.004975124,0.5,2500,20000,0.6,0.0035170267219655216
2000,0,0.0,2006,2006,2006,-0.166112957,-0.12453300099999999,-0.04982561,0,0,0,0.0,0.0,0.0,0.49751243799999995,-500,20000,-0.19,-0.002040915991528891
2000,-10,-0.49751243799999995,2007,2007,2007,-0.165837479,-0.062227754,-0.049800797,-1,-1,0,-0.004975124,-0.004975124,-0.002493766,-0.49751243799999995,1400,22000,-0.16,-0.005013527159462683
2010,0,0.0,2008,2008,2008,0.082987552,0.062266500999999995,0.099700897,-1,0,0,-0.004975124,-0.002493766,-0.002493766,0.0,-3800,-102000,-2.92,-0.0013066070387139916
2010,0,0.0,2006,2006,2006,0.083056478,0.124688279,0.049875312000000005,0,0,0,0.002493766,0.002493766,0.005,-0.249376559,1600,-2000,-0.34,0.0021461401920532808
2010,5,0.249376559,2005,2005,2005,0.166389351,0.062383032000000005,0.0499002,0,0,0,0.002493766,0.005,0.002493766,0.249376559,-3600,-8000,-0.87,0.002871359174605459
2005,0,0.0,2004,2004,2004,0.0,0.0,-0.049875312000000005,0,0,0,0.005,0.002493766,0.002493766,-0.25,-2600,-43000,-1.54,0.0027383492852095515
2005,5,0.25,2005,2005,2005,0.0,-0.06234414,-0.099651221,0,0,0,0.0,0.0,-0.002487562,0.499376559,1800,-11000,0.82,0.0006222440861165524
2000,-5,-0.249376559,2007,2007,2007,-0.166112957,-0.18668326100000002,-0.149253731,0,0,0,0.0,-0.002487562,-0.0049627790000000005,-0.249376559,-100,-6000,0.11,-0.0006047988517821068
2005,0,0.0,2010,2010,2010,-0.165837479,-0.12430080800000001,0.0,-1,-1,-1,-0.004975124,-0.0074441690000000005,-0.0074441690000000005,0.24875621899999997,300,23000,0.35,-0.00337358718024916
2005,-5,-0.24875621899999997,2010,2010,2010,-0.165562914,0.0,-0.049726504000000005,-1,-1,0,-0.0049627790000000005,-0.0049627790000000005,0.0,-0.000617261,200,-5000,1.21,-0.004845042508122788
2010,-5,-0.24813895800000002,2011,2011,2011,0.082850041,0.0,0.0,-1,0,0,-0.0049627790000000005,0.0,-0.002487562,-0.24813895800000002,-400,10000,2.27,-0.0032684613033779897
2015,0,0.0,2011,2011,2011,0.08291874,0.062189055,0.04975124400000001,0,0,0,0.002493766,0.0,0.0,-0.498753117,100,8000,0.81,0.003852552454418401
2015,10,0.498753117,2010,2010,2010,0.082987552,0.062227754,0.049776008,0,0,0,0.002487562,0.002487562,0.002487562,0.7475093359999999,500,-4000,0.27,0.0022972628867137246
2005,-5,-0.24875621899999997,2009,2009,2009,-0.08291874,-0.062189055,0.199501247,0,0,0,0.002487562,0.002487562,0.002487562,-0.24875621899999997,1700,34000,0.41,-0.0008532859064871445
2010,0,0.0,2005,2005,2005,0.0,0.311915159,0.25,-1,-1,0,-0.002487562,-0.002487562,0.010075566999999999,0.0,-100,44000,-0.73,-0.0018250197845190996
2010,0,0.0,2000,2000,2000,0.416319734,0.31289111399999997,0.250626566,-1,0,0,0.0,0.012594458000000001,0.012594458000000001,0.0,1700,17000,-0.07,-0.0020772206044057384
2010,0,0.0,1995,1995,1995,0.418060201,0.313873195,0.301659125,0,0,0,0.012594458000000001,0.012594458000000001,0.012594458000000001,-1.259445844,700,40000,-0.96,0.00833259710634593
2010,25,1.259445844,1989,1989,1989,0.41981528100000004,0.378071834,0.35317860700000003,0,0,0,0.012594458000000001,0.012594458000000001,0.015151515,1.259445844,-1500,-10000,0.06,0.00862386732478626
1985,0,0.0,1982,1982,1982,0.08403361300000001,0.126182965,0.10101010099999999,0,0,0,0.012594458000000001,0.015151515,0.017721518999999998,0.0,100,24000,-0.29,0.000860062613583068
1985,0,0.0,1980,1980,1980,0.168350168,0.126342388,0.151745068,0,0,0,0.002525253,0.005063291,0.005063291,-0.252525253,2200,29000,1.14,0.0020809651468880475
1985,5,0.252525253,1977,1977,1977,0.16863406399999997,0.18987341800000002,0.151975684,0,0,0,0.005063291,0.005063291,0.007614213000000001,-0.000639304,-500,-11000,-0.64,0.003974835188273573
1980,5,0.253164557,1974,1974,1974,0.16891891899999997,0.12674271199999998,0.101419878,0,0,0,0.005063291,0.007614213000000001,0.007614213000000001,0.253164557,-1100,-16000,-3.1,0.002543756811064668
1975,0,0.0,1972,1972,1972,0.084530854,0.063411541,0.050735667000000005,0,0,0,0.0050761420000000005,0.0050761420000000005,0.0050761420000000005,-0.253807107,-1100,-20000,-0.25,0.002551024270360358
1975,5,0.253807107,1971,1971,1971,0.08460236900000001,0.063451777,0.050761420999999994,0,0,0,0.0025380710000000003,0.0025380710000000003,0.0025380710000000003,0.253807107,1300,12000,0.17,0.0022113357699709013
1970,0,0.0,1970,1970,1970,0.0,0.0,0.050787202000000004,0,0,0,0.0025380710000000003,0.0025380710000000003,0.0025380710000000003,0.0,-2000,-30000,-0.3,0.0011542968859430403
1970,0,0.0,1969,1969,1969,0.0,0.063492063,0.10167768199999999,-1,-1,0,0.0,0.0,0.002544529,0.0,1700,1000,0.83,-0.0020772206044057384
1970,0,0.0,1967,1967,1967,0.084674005,0.12714558199999998,0.0508647,-1,0,0,0.0,0.002544529,0.005102041,0.0,2500,33000,0.32,-0.002189309860114008
1970,0,0.0,1966,1966,1966,0.169635284,0.063613232,0.050890585,0,0,0,0.002544529,0.005102041,0.002544529,-0.254452926,0,-17000,1.23,0.0024007764313864755
1970,5,0.254452926,1965,1965,1965,0.084889643,0.06365372400000001,0.0,0,0,0,0.005102041,0.002544529,0.002544529,-0.000649115,200,24000,0.36,0.0038999218363642285
1965,5,0.255102041,1965,1965,1965,0.0,-0.063613232,-0.0508647,0,0,0,0.002544529,0.002544529,0.0,0.509554967,800,-33000,-0.55,0.0007624406352988444
1960,-5,-0.254452926,1966,1966,1966,-0.169491525,-0.127064803,-0.050838840999999996,0,0,0,0.0,-0.0025380710000000003,-0.0025380710000000003,-0.254452926,1200,79000,-1.11,-0.0008173331734724343
1965,0,0.0,1967,1967,1967,-0.084674005,0.0,0.0,-1,-1,0,-0.0050761420000000005,-0.0050761420000000005,-0.002544529,0.253807107,2300,49000,-0.68,-0.0036841153050772846
1965,-5,-0.253807107,1967,1967,1967,0.0,0.0,-0.050813008,-1,0,0,-0.0025380710000000003,0.0,0.0,-0.253807107,-100,-5000,0.62,-0.003344426813782775
1970,0,0.0,1968,1968,1968,0.084745763,0.0,0.0,0,0,0,0.0,0.0,-0.0025380710000000003,-0.254452926,1300,16000,-0.21,0.0022186314017744735
1970,5,0.254452926,1968,1968,1968,0.0,0.0,-0.050787202000000004,0,0,0,0.002544529,0.0,0.0,0.254452926,500,-2000,-0.25,0.002327291054825764
1965,0,0.0,1969,1969,1969,-0.084674005,-0.126903553,-0.050761420999999994,0,0,0,0.0,0.0,-0.0025316460000000002,0.253807107,1300,1000,0.97,-0.0008308990363730118
1965,-5,-0.253807107,1970,1970,1970,-0.169061708,-0.063411541,-0.050735667000000005,-1,-1,0,-0.0025380710000000003,-0.005063291,-0.0025380710000000003,-0.253807107,-800,-36000,-1.87,-0.003246348715038039
1970,0,0.0,1971,1971,1971,0.0,0.0,0.0,-1,0,0,-0.005063291,-0.0025380710000000003,-0.0025380710000000003,0.253164557,1600,47000,0.44,-0.0035821821220451966
1970,-5,-0.253164557,1971,1971,1971,0.0,0.0,0.10157440300000001,0,0,0,0.0,0.0,0.0,-0.5069716639999999,200,-7000,1.77,0.0008533188001820236
1975,5,0.253807107,1969,1969,1969,0.08460236900000001,0.190597205,0.050813008,0,0,0,0.0,0.0,0.005102041,0.253807107,400,-32000,0.47,0.002337436173547758
1970,0,0.0,1968,1968,1968,0.169491525,0.0,0.0,0,0,0,0.0025380710000000003,0.007653061,0.0025380710000000003,0.0,-1000,-1000,0.66,0.0010141853272216395
1970,0,0.0,1968,1968,1968,0.0,0.0,0.0,0,0,0,0.005102041,0.0,0.0,-0.510204082,700,64000,0.79,0.0038371905829990283
1970,10,0.510204082,1968,1968,1968,0.0,0.0,-0.050787202000000004,0,0,0,0.0,0.0,0.0,1.017818295,-600,-1000,0.32,0.0009668029379099607
1960,-10,-0.507614213,1969,1969,1969,-0.16920473800000002,-0.19023462300000002,-0.10147133400000001,0,0,0,0.0,0.0,-0.0025316460000000002,-0.507614213,-400,3000,0.28,-0.002108695662172977
1970,0,0.0,1971,1971,1971,-0.084530854,0.0,-0.050709939,-1,-1,0,-0.0050761420000000005,-0.0075949369999999995,-0.0050761420000000005,0.0,-500,-49000,1.43,-0.0017689751548459753
1970,0,0.0,1972,1972,1972,0.0,-0.06337135599999999,-0.050684237,-1,0,0,-0.0025316460000000002,0.0,-0.0025316460000000002,0.253164557,800,-23000,-0.56,-0.0034700928736128844
1970,-5,-0.253164557,1973,1973,1973,-0.084459459,-0.063331222,-0.050658561,0,0,0,0.0,-0.0025316460000000002,-0.0025316460000000002,-0.5069716639999999,1300,20000,1.13,0.0006991960835875943
1975,5,0.253807107,1974,1974,1974,0.0,0.0,0.0,0,0,0,-0.0025316460000000002,-0.0025316460000000002,-0.0025316460000000002,0.5069716639999999,0,40000,-0.68,0.0008745082323002862
1970,-5,-0.253164557,1974,1974,1974,-0.08438818599999999,-0.06329113900000001,-0.050632910999999996,0,0,0,0.0,0.0,0.0,-0.253164557,700,-2000,-0.8,-0.0007395646389340982
1975,0,0.0,1975,1975,1975,0.0,0.0,0.0,-1,-1,-1,-0.0025316460000000002,-0.0025316460000000002,-0.0025316460000000002,0.0,-900,-9000,0.46,-0.001712930534267798
1975,0,0.0,1975,1975,1975,0.0,0.0,0.0,-1,-1,-1,0.0,0.0,0.0,0.0,1800,19000,-0.3,-0.002091231755912304
1975,0,0.0,1975,1975,1975,0.0,0.0,0.101368474,-1,-1,-1,0.0,0.0,0.0,0.0,-1500,-61000,0.85,-0.0016288635961245745
1975,0,0.0,1973,1973,1973,0.0,0.12674271199999998,0.050709939,-1,-1,0,0.0,0.0,0.005089059,0.0,1000,-20000,-0.07,-0.001979142500204034
1975,0,0.0,1972,1972,1972,0.169061708,0.063411541,0.0,-1,0,0,0.0,0.005089059,0.0025380710000000003,0.0,-600,-2000,0.41,-0.0017549640033394098
1975,0,0.0,1972,1972,1972,0.08460236900000001,0.0,0.050735667000000005,0,0,0,0.005089059,0.0025380710000000003,0.0,-0.508905852,-300,14000,-1.69,0.003969512563344324
1975,10,0.508905852,1971,1971,1971,0.0,0.063451777,0.050761420999999994,0,0,0,0.0025380710000000003,0.0,0.0025380710000000003,0.762712959,300,14000,-0.15,0.002355758540943498
1965,-5,-0.253807107,1970,1970,1970,-0.084530854,-0.063411541,-0.050735667000000005,0,0,0,0.0,0.0025380710000000003,0.0025380710000000003,-0.00064255,-1100,16000,-0.21,-0.0020101830505154794
1970,-5,-0.253164557,1971,1971,1971,0.0,0.0,0.10157440300000001,0,0,0,-0.0025380710000000003,-0.0025380710000000003,-0.0025380710000000003,-0.5069716639999999,800,-5000,2.45,0.0007692518629482947
1975,5,0.253807107,1969,1969,1969,0.08460236900000001,0.190597205,-0.050761420999999994,0,0,0,0.0,0.0,0.005102041,0.253807107,-1300,-71000,0.44,0.0025756258255569264
1970,0,0.0,1970,1970,1970,0.169491525,-0.126903553,-0.050735667000000005,0,0,0,0.0025380710000000003,0.007653061,-0.002525253,0.0,1000,75000,1.22,0.0007339622097788379
1970,0,0.0,1971,1971,1971,-0.16920473800000002,-0.063411541,0.050761420999999994,0,0,0,0.005102041,-0.005050505,-0.0025316460000000002,-0.510204082,500,31000,1.43,0.003865212893288117
1970,10,0.510204082,1970,1970,1970,-0.084530854,0.063451777,0.15251652300000001,0,0,0,-0.005050505,-0.0025316460000000002,0.002544529,1.5203050919999999,1400,14000,-0.26,-0.0023283116024686024
1960,-20,-1.01010101,1967,1967,1967,-0.084459459,0.063492063,-0.152284264,0,0,0,-0.0025316460000000002,0.002544529,0.007672634,-1.263265567,400,39000,0.26,-0.003709929897013353
1980,5,0.253164557,1970,1970,1970,0.42408821,0.063532402,0.0,0,0,0,-0.002544529,0.002557545,-0.0075949369999999995,-0.255741295,-100,52000,-1.41,0.005457050798213459
1975,10,0.508905852,1970,1970,1970,0.0,-0.063492063,0.050787202000000004,1,0,0,0.012787723999999999,0.0025316460000000002,0.0,-0.0026030989999999998,1300,5000,0.88,0.009520603347482393
1965,10,0.511508951,1969,1969,1969,-0.253807107,-0.063451777,0.0,0,0,0,0.0,-0.002525253,0.0025380710000000003,1.524167179,0,73000,1.43,-0.002139687012459035
1955,-20,-1.012658228,1969,1969,1969,-0.253164557,-0.12674271199999998,-0.10147133400000001,0,0,0,-0.007575758,-0.0025380710000000003,0.0,-0.760132975,400,24000,-1.08,-0.006759349158528494
1975,-5,-0.252525253,1971,1971,1971,0.169061708,0.126903553,0.152439024,0,0,0,-0.007614213000000001,-0.005089059,-0.005089059,-0.7601394659999999,600,24000,0.1,0.0023239293368533254
1980,10,0.507614213,1968,1968,1968,0.254237288,0.254452926,0.20366598800000002,0,0,0,0.005089059,0.005089059,0.007653061,0.253161287,1550,-31000,-0.6,0.005222417457844131
1970,5,0.254452926,1964,1964,1964,0.169779287,0.127388535,0.152983172,0,0,0,0.007633588,0.010204082,0.010204082,0.254452926,-350,-30000,-0.06,0.002446385879011359
1965,0,0.0,1961,1961,1961,0.084961767,0.12755102,0.102092905,0,0,0,0.005102041,0.005102041,0.007672634,-0.255102041,1000,-3000,1.25,0.002264559661853127
1965,5,0.255102041,1959,1959,1959,0.17021276600000002,0.127713921,0.102197241,0,0,0,0.00255102,0.00511509,0.00511509,0.255102041,-600,-23000,1.79,0.002485299715772271
1960,0,0.0,1957,1957,1957,0.085178876,0.06389776400000001,-0.051072522999999995,0,0,0,0.00511509,0.00511509,0.00511509,-0.255754476,50,-20000,-0.37,0.002401580109108181
1960,5,0.255754476,1958,1958,1958,0.085251492,-0.06385696,0.0,0,0,0,0.002557545,0.002557545,-0.002544529,0.255754476,750,26000,-0.32,0.0023000549554126337
1955,0,0.0,1958,1958,1958,-0.17021276600000002,-0.063816209,0.0,0,0,0,0.002557545,-0.002544529,0.0,0.0,150,15000,0.17,0.0008530570357834222
1955,0,0.0,1958,1958,1958,-0.085034014,0.0,0.05109862,-1,0,0,-0.005089059,-0.00255102,0.0,0.508905852,-150,-17000,0.23,-0.004871419529081322
1955,-10,-0.508905852,1957,1957,1957,0.0,0.06385696,0.05112474400000001,0,0,0,-0.00255102,0.0,0.002564103,-0.7640078929999999,-800,17000,-1.77,-0.000529785655089654
1965,5,0.255102041,1956,1956,1956,0.255754476,0.19193858,-0.05109862,0,0,0,0.0,0.002564103,0.002564103,-0.000652435,400,-12000,0.12,0.003879700177549239
1960,5,0.255754476,1957,1957,1957,0.170794193,-0.127795527,-0.051072522999999995,1,0,0,0.007692308,0.007692308,-0.0025380710000000003,-0.00065578,-900,-15000,0.96,0.006782790304441733
1955,5,0.256410256,1958,1958,1958,-0.255536627,-0.127632419,0.0,0,0,0,0.005128205,-0.0050761420000000005,-0.002544529,0.256410256,-700,3000,0.75,0.0025071424825000577
1950,0,0.0,1958,1958,1958,-0.254885302,-0.06377551,-0.152983172,0,0,0,-0.007614213000000001,-0.005089059,0.0,1.015228426,-800,32000,-0.1,-0.005105148084112443
1950,-20,-1.015228426,1961,1961,1961,-0.084889643,-0.190961171,-0.10188487,0,0,0,-0.007633588,-0.002557545,-0.007633588,-1.269681352,1300,12000,1.0,-0.00385899624961894
1970,5,0.254452926,1963,1963,1963,0.084961767,0.127469726,0.101988781,0,0,0,-0.002557545,-0.007633588,-0.005102041,-0.257056025,-400,-39000,-0.68,0.0055224152965820394
1965,10,0.511508951,1961,1961,1961,0.085034014,0.06377551,0.0,0,0,0,0.002544529,0.005102041,0.005102041,1.020414803,-400,10000,0.61,0.0009388420949107967
1955,-10,-0.508905852,1961,1961,1961,-0.084961767,-0.127388535,0.0,0,0,0,0.00255102,0.00255102,0.0,-0.7640078929999999,500,15000,0.94,-0.0007119306901586242
1965,5,0.255102041,1961,1961,1961,0.0,0.12755102,0.102092905,0,0,0,-0.00255102,-0.005089059,0.0,0.255102041,100,14000,1.32,0.002387221622711877
1960,0,0.0,1959,1959,1959,0.085034014,0.063816209,-0.101988781,0,0,0,0.0,0.00511509,0.00511509,0.254452926,1200,-15000,-0.75,-0.0008207627688534558
1960,-5,-0.254452926,1961,1961,1961,0.08510638300000001,-0.127469726,0.153217569,0,0,0,0.002557545,0.002557545,-0.0050761420000000005,-0.7659618770000001,1050,-15000,1.38,0.0022727076284354553
1965,10,0.511508951,1958,1958,1958,-0.085034014,0.255591054,0.358790364,0,0,0,0.002557545,-0.0050761420000000005,0.0077120819999999994,0.511508951,-200,-33000,0.24,0.003964225801610155
1955,0,0.0,1951,1951,1951,0.170357751,0.320512821,0.256937307,0,0,0,-0.0025380710000000003,0.010282776,0.018134715,0.76142132,1100,-5000,-1.09,-0.003848532636766322
1955,-15,-0.76142132,1946,1946,1946,0.427715997,0.32154340800000003,0.25759917600000004,0,0,0,0.005141388,0.012953368,0.012953368,-2.046768364,-50,33000,-0.78,0.004034865411085775
1970,25,1.285347044,1941,1941,1941,0.689061154,0.517129929,0.51786639,0,0,0,0.012953368,0.012953368,0.012953368,0.508144971,850,-25000,-0.65,0.013112829270539805
1945,15,0.777202073,1931,1931,1931,0.259067358,0.324254215,0.15560166,0,0,0,0.020725389,0.020725389,0.026041667,0.777202073,-2400,28000,0.31,0.0058630339917726815
1930,0,0.0,1928,1928,1928,0.17301038100000002,0.0,0.0,0,0,0,0.007772021,0.013020833,0.007772021,0.0,350,22000,0.15,0.0008250347236753441
1930,0,0.0,1928,1928,1928,0.0,0.0,-0.051840332,0,0,0,0.005208333,0.0,0.0,-0.520833333,-1500,2000,-0.2,0.0042092106596101075
1930,10,0.520833333,1929,1929,1929,0.0,-0.064808814,-0.051813472,0,0,0,0.0,0.0,-0.002583979,1.0389680479999999,-700,38000,-0.47,0.0009813230644795112
1920,-10,-0.518134715,1930,1930,1930,-0.258843831,-0.194049159,-0.155199172,0,0,0,0.0,-0.002583979,-0.002583979,-0.518134715,1800,21000,0.76,-0.0024799220263957977
1930,0,0.0,1933,1933,1933,-0.08620689699999999,-0.064641241,-0.051706308,-1,-1,-1,-0.007751938000000001,-0.007751938000000001,-0.007751938000000001,0.258397933,1200,-1000,0.7,-0.0035575373913161457
1930,-5,-0.258397933,1934,1934,1934,-0.08613264400000001,-0.064599483,-0.051679587,-1,-1,-1,-0.002583979,-0.002583979,-0.002583979,-0.258397933,0,0,0.43,-0.0033859208324429346
1935,0,0.0,1935,1935,1935,0.0,0.0,0.051706308,-1,-1,-1,-0.002583979,-0.002583979,-0.002583979,0.0,-800,0,0.15,-0.0017269416857743636
1935,0,0.0,1934,1934,1934,0.0,0.064641241,0.051733057,-1,-1,0,0.0,0.0,0.002590674,0.0,-550,6000,0.27,-0.0017619695863686502
1935,0,0.0,1933,1933,1933,0.08620689699999999,0.064683053,0.051759834000000005,-1,0,0,0.0,0.002590674,0.002590674,0.0,2250,23000,2.45,-0.0021542819449678063
1935,0,0.0,1932,1932,1932,0.08628127699999999,0.064724919,0.0,0,0,0,0.002590674,0.002590674,0.002590674,-0.259067358,-600,-5000,-1.83,0.0025125297252088785
1935,5,0.259067358,1932,1932,1932,0.08635578599999999,0.0,0.0,0,0,0,0.002590674,0.002590674,0.0,0.259067358,1000,64000,-0.34,0.0022848597000120208
1930,0,0.0,1932,1932,1932,-0.08628127699999999,-0.064683053,0.051786639,0,0,0,0.002590674,0.0,0.0,0.0,700,19000,-0.29,0.0007759956788504496
1930,0,0.0,1931,1931,1931,-0.08620689699999999,0.064724919,-0.051759834000000005,-1,-1,0,-0.002583979,-0.002583979,0.002597403,0.258397933,-1500,-8000,-0.08,-0.00317923616967164
1930,-5,-0.258397933,1932,1932,1932,0.08628127699999999,-0.064683053,0.0,-1,0,0,-0.002583979,0.002597403,-0.002583979,-0.258397933,-2700,-48000,-0.59,-0.003007619612617418
1935,0,0.0,1932,1932,1932,0.0,0.064724919,0.051786639,0,0,0,0.002597403,-0.002583979,0.0,-0.519480519,-400,-6000,-1.11,0.004046971233037766
1935,10,0.519480519,1931,1931,1931,0.08635578599999999,0.064766839,0.103680664,0,0,0,0.0,0.002590674,0.002590674,1.036276385,-300,18000,0.18,0.0009252137133444194
1925,-10,-0.516795866,1929,1929,1929,-0.08628127699999999,0.0,-0.051813472,0,0,0,0.002590674,0.002590674,0.005194805,-0.7758632240000001,1000,14000,-0.46,-0.0008054283243836835
1935,5,0.259067358,1930,1930,1930,0.17286084699999998,0.064808814,0.051840332,0,0,0,-0.002590674,0.0,-0.002590674,0.259067358,-500,40000,0.36,0.0024950270453700796
1930,0,0.0,1929,1929,1929,0.0,0.0,0.10378827199999999,0,0,0,0.005194805,0.002590674,0.002590674,-0.25974026,800,-8000,0.42,0.0023204109384096228
1930,5,0.25974026,1927,1927,1927,0.0,0.129785853,0.05192108,0,0,0,0.0,0.0,0.005208333,0.518807618,1700,15000,1.17,0.0006364210130413994
1925,-5,-0.259067358,1926,1926,1926,0.08650519,0.0,-0.051894135999999993,0,0,0,0.0,0.005208333,0.002597403,-0.259067358,-550,7000,0.36,-0.0005997623666189611
1930,0,0.0,1927,1927,1927,0.08658008699999999,0.0,0.0,0,0,0,0.002604167,0.0,-0.002590674,-0.520833333,-2250,-19000,-0.64,0.004314294346841052
1930,10,0.520833333,1927,1927,1927,0.0,0.0,0.0,0,0,0,0.002597403,0.0,0.0,0.780573593,700,-20000,-0.61,0.0023355186131084338
1920,-5,-0.25974026,1927,1927,1927,-0.17286084699999998,-0.129617628,-0.207146556,0,0,0,0.0,0.0,0.0,-0.000672902,-2700,-2000,-0.33,-0.0018569398648651259
1925,-5,-0.259067358,1931,1931,1931,-0.08635578599999999,-0.194049159,-0.103466115,-1,-1,-1,-0.005181347,-0.005181347,-0.010309278,-0.259067358,-1900,0,0.47,-0.0031237164803314954
1930,0,0.0,1933,1933,1933,-0.172413793,-0.064641241,-0.051706308,-1,-1,0,-0.002590674,-0.007731959,-0.005167959000000001,0.0,1300,-21000,0.81,-0.002021175969275646
1930,0,0.0,1934,1934,1934,-0.08613264400000001,-0.064599483,-0.103305785,-1,0,0,-0.005154639,-0.002583979,-0.002583979,0.515463918,-400,-37000,-1.29,-0.0048757397817098536
1930,-10,-0.515463918,1936,1936,1936,-0.08605852,-0.129032258,-0.103199174,0,0,0,-0.002583979,-0.002583979,-0.005154639,-0.7738618509999999,0,5000,-0.44,-0.0006613595742237521
1940,5,0.258397933,1938,1938,1938,0.0,0.0,0.0,0,0,0,-0.002583979,-0.005154639,-0.005154639,0.258397933,900,5000,-0.23,0.002294863254064694
1935,0,0.0,1938,1938,1938,-0.08598452300000001,-0.064474533,0.0,0,0,0,0.0,0.0,0.0,0.257731959,-1200,12000,-1.54,-0.0005041690892539918
1935,-5,-0.257731959,1938,1938,1938,-0.085910653,0.0,-0.051572976,-1,-1,0,-0.00257732,-0.00257732,0.0,-0.257731959,300,-17000,0.38,-0.003423967307753628
1940,0,0.0,1939,1939,1939,0.08598452300000001,0.0,0.0,-1,0,0,-0.00257732,0.0,-0.00257732,0.0,400,-22000,-0.39,-0.0018950755656987894
1940,0,0.0,1939,1939,1939,0.0,0.0,0.0,0,0,0,0.002583979,0.0,0.0,-0.258397933,1600,25000,0.99,0.0022002678451826796
1940,5,0.258397933,1939,1939,1939,0.0,0.0,0.0,0,0,0,0.0,0.0,0.0,0.516129892,100,62000,0.37,0.0008605755394910375
1935,-5,-0.257731959,1939,1939,1939,-0.085910653,-0.06443299,-0.051546392,0,0,0,0.0,0.0,0.0,-0.257731959,800,5000,-0.04,-0.0007809183807694353
1940,0,0.0,1940,1940,1940,0.0,0.0,0.0,-1,-1,-1,-0.00257732,-0.00257732,-0.00257732,0.0,1650,43000,-0.39,-0.002070215021376498
1940,0,0.0,1940,1940,1940,0.0,0.0,0.0,-1,-1,-1,0.0,0.0,0.0,0.0,-450,-14000,-0.68,-0.0017759807378752157
1940,0,0.0,1940,1940,1940,0.0,0.0,0.0,-1,-1,0,0.0,0.0,0.0,0.0,750,27000,0.59,-0.0019441146141616628
1940,0,0.0,1940,1940,1940,0.0,0.0,0.0,-1,0,0,0.0,0.0,0.0,0.0,-450,-1000,1.26,-0.0017759807378752157
1940,0,0.0,1940,1940,1940,0.0,0.0,0.0,0,0,0,0.0,0.0,0.0,0.0,0,15000,-0.67,0.0008740737703192281
1940,0,0.0,1940,1940,1940,0.0,0.0,0.0,0,0,0,0.0,0.0,0.0,0.0,-1000,-40000,-1.51,0.0010141853272216395
