close_value,cv_diff_value,cv_diff_rate,cv_ma3_value,cv_ma4_value,cv_ma5_value,cv_ma3_rate,cv_ma4_rate,cv_ma5_rate,ud_3d,ud_4d,ud_5d,cv3d_diff_rate,cv4d_diff_rate,cv5d_diff_rate,cv_diff_rate_rate,Skhynix_cv_diff_value,samsung_cv_diff_value,kosdaq_diff_rate
1995,0,0,1992,1992,1992,0.08361204,0.125549278,0.050226017,0,0,0,0,0,0,0,-300,28000,2.17
1995,0,0,1991,1991,1991,0.167504188,0.06281407,0.050251256,0,0,0,0.002512563,0.005037783,0.002512563,-0.251256281,-3100,-87000,-2.5
1995,5,0.251256281,1990,1990,1990,0.083822297,0.062853551,0,0,0,0,0.005037783,0.002512563,0.002512563,-0.000632888,-100,-34000,-1.08
1990,5,0.251889169,1990,1990,1990,0,-0.06281407,-0.050226017,0,0,0,0.002512563,0.002512563,0,0.50314545,3000,18000,-1.2
1985,-5,-0.251256281,1991,1991,1991,-0.167364017,-0.125470514,-0.100351229,0,0,0,0,-0.002506266,-0.002506266,-0.251256281,1500,29000,-0.08
1990,0,0,1993,1993,1993,-0.08361204,-0.062695925,-0.050150451,-1,-1,-1,-0.005012531,-0.005012531,-0.005012531,0.250626566,-300,-22000,-0.68
1990,-5,-0.250626566,1994,1994,1994,-0.083542189,-0.062656642,-0.100200401,-1,-1,-1,-0.002506266,-0.002506266,-0.002506266,-0.250626566,-800,-13000,0.33
1995,0,0,1996,1996,1996,0,-0.062617408,-0.050075113,-1,-1,-1,-0.002506266,-0.002506266,-0.005,0,-1000,-39000,1.57
1995,0,0,1997,1997,1997,-0.083472454,-0.062578223,0.200702459,-1,-1,-1,0,-0.0025,-0.0025,0,-900,16000,-0.43
1995,0,0,1993,1993,1993,-0.083402836,0.250941029,0.050200803,-1,-1,0,-0.0025,-0.0025,0.010126582,0.25,0,-11000,1.62
1995,-5,-0.25,1992,1992,1992,0.334728033,0.062774639,0,-1,0,0,-0.0025,0.010126582,0.002512563,-0.25,2700,63000,-1.76
2000,0,0,1992,1992,1992,0.167644593,0.06281407,0.100502513,0,0,0,0.010126582,0.002512563,0,-1.265822785,-1500,36000,-1.71
2000,25,1.265822785,1990,1990,1990,0.083892617,0.125786164,0.251889169,0,0,0,0.005025126,0.002506266,0.005025126,2.019591629,-400,-62000,-0.69
1975,-15,-0.753768844,1985,1985,1985,-0.251046025,0,-0.150905433,0,0,0,0.002506266,0.005025126,0.012658228,-0.503142278,-1200,-4000,0.55
1990,-5,-0.250626566,1988,1988,1988,0.251677852,0,-0.150678051,0,0,0,-0.007537688,0,-0.007537688,-0.501882847,1700,25000,-1.68
1995,5,0.251256281,1991,1991,1991,0.083963056,-0.125628141,0.050251256,0,0,0,0.007594937,0,-0.007481297,-0.50823739,600,2000,1.34
1990,15,0.759493671,1990,1990,1990,-0.251256281,0,0,0,0,0,0.002512563,-0.004987531,0.002512563,1.513262515,-5600,-90000,-3.13
1975,-15,-0.753768844,1990,1990,1990,-0.250626566,-0.188087774,-0.200601805,0,0,0,-0.007481297,0,0,-0.005639168,-200,-34000,1.51
1990,-15,-0.748129676,1994,1994,1994,0,-0.062656642,0,0,0,0,-0.007537688,-0.007537688,-0.010025063,-1.50189852,-500,32000,-2.78
2005,15,0.753768844,1994,1994,1994,0.167364017,0.188323917,0.050175615,0,0,0,0,-0.002506266,0,0.753768844,-2000,-141000,-1.32
1990,0,0,1993,1993,1993,0,-0.12539185,-0.100250627,0,0,0,0.005012531,0.007537688,0.0025,0.250626566,400,8000,1.43
1990,-5,-0.250626566,1995,1995,1995,-0.167084378,-0.125234815,-0.100150225,0,0,0,0,-0.005,-0.005,-0.501882847,-2100,-33000,0.82
1995,5,0.251256281,1997,1997,1997,-0.083472454,-0.062578223,-0.05005005,0,0,0,-0.005,-0.005,-0.005,0.751256281,1800,34000,1.48
1990,-10,-0.5,1998,1998,1998,-0.166666667,-0.125,-0.1,0,0,0,-0.0025,-0.0025,-0.0025,-0.5,2900,4000,-0.13
2000,0,0,2000,2000,2000,0,0,0,-1,-1,-1,-0.005,-0.005,-0.005,0,-900,-31000,0.27
2000,0,0,2000,2000,2000,0,0,0.050025013,-1,-1,-1,0,0,0,0,500,2000,-0.03
2000,0,0,1999,1999,1999,0,0.062539087,0,-1,-1,0,0,0,0.002506266,0,500,22000,1.57
2000,0,0,1999,1999,1999,0.083402836,0,0,-1,0,0,0,0.002506266,0,0,-1400,-29000,-0.94
2000,0,0,1999,1999,1999,0,0,-0.05,0,0,0,0.002506266,0,0,-0.250626566,1100,-23000,1.08
2000,5,0.250626566,2000,2000,2000,0,-0.0625,0,0,0,0,0,0,-0.002493766,0.500626566,300,-1000,1.81
1995,-5,-0.25,2000,2000,2000,-0.166527893,-0.062460962,-0.049975012,0,0,0,0,-0.002493766,0,-0.25,-400,3000,2.05
2000,0,0,2001,2001,2001,0,0,0,-1,0,0,-0.004987531,-0.0025,-0.0025,0.249376559,-800,-21000,1.25
2000,-5,-0.249376559,2001,2001,2001,0,0,0,0,0,0,0,0,0,-0.499376559,800,33000,1.2
2005,5,0.25,2001,2001,2001,0.083333333,0.0625,0,0,0,0,0,0,0,0.25,-1100,-14000,0.3
2000,0,0,2001,2001,2001,0,-0.062460962,-0.04995005,0,0,0,0.0025,0.0025,0,0,-900,0,-0.44
2000,0,0,2002,2002,2002,-0.083263947,-0.062421973,-0.049925112,-1,-1,-1,0,-0.002493766,-0.002493766,0,1000,-34000,0.37
2000,0,0,2003,2003,2003,-0.083194676,-0.062383032,0.04995005,-1,-1,-1,-0.002493766,-0.002493766,-0.002493766,0.249376559,-1900,-8000,-0.47
2000,-5,-0.249376559,2002,2002,2002,-0.08312552,0.062421973,0.049975012,-1,-1,0,-0.002493766,-0.002493766,0.002506266,-0.249376559,3100,107000,0.69
2005,0,0,2001,2001,2001,0.166527893,0.125,0.05,-1,0,0,-0.002493766,0.002506266,0.002506266,0,2400,52000,0.3
2005,0,0,2000,2000,2000,0.166805671,0.062539087,0.1001001,0,0,0,0.005012531,0.005012531,0.0025,-0.501253133,1400,48000,0.8
2005,10,0.501253133,1998,1998,1998,0.083472454,0.125234815,0.050075113,0,0,0,0.005012531,0.0025,0.005012531,0.501253133,-300,34000,0.57
1995,0,0,1997,1997,1997,0,-0.062578223,-0.05005005,0,0,0,0.0025,0.005012531,0.0025,0.25,-3000,-75000,-1.59
1995,-5,-0.25,1998,1998,1998,-0.083402836,-0.062539087,-0.149925037,0,0,0,0,-0.0025,-0.0025,-0.500626566,-100,-7000,0.73
2000,5,0.250626566,2001,2001,2001,0,-0.124921924,-0.04995005,0,0,0,-0.0025,-0.0025,-0.007462687,0.500626566,-2900,-13000,0.84
1995,-5,-0.25,2002,2002,2002,-0.249584027,-0.124766064,-0.099800399,0,0,0,0,-0.004975124,-0.002493766,-0.25,3500,23000,0.76
2000,0,0,2004,2004,2004,-0.08312552,-0.06234414,-0.099700897,-1,0,0,-0.007462687,-0.004987531,-0.004987531,0.497512438,2200,43000,0.37
2000,-10,-0.497512438,2006,2006,2006,-0.083056478,-0.124533001,-0.04982561,0,0,0,-0.002493766,-0.002493766,-0.004975124,-0.746888997,-1900,-89000,1.18
2010,5,0.249376559,2007,2007,2007,0,0.062305296,0,0,0,0,-0.002493766,-0.004975124,-0.002493766,0.249376559,-2600,-2000,0.32
2005,0,0,2007,2007,2007,0,-0.062266501,-0.049800797,0,0,0,0,0.002493766,0,0.248756219,-700,44000,0.13
2005,-5,-0.248756219,2008,2008,2008,-0.082987552,-0.062227754,-0.049776008,0,0,0,0,-0.002487562,-0.002487562,-0.498132778,-1900,-4000,-2.14
2010,5,0.249376559,2009,2009,2009,0,0,0.099651221,0,0,0,-0.002487562,-0.002487562,-0.002487562,0.498132778,-2400,-40000,-1.71
2005,-5,-0.248756219,2007,2007,2007,-0.08291874,0.062266501,-0.049800797,0,0,0,0,0,0.005,-0.248756219,-600,8000,-0.47
2010,0,0,2008,2008,2008,0.166112957,0,-0.049776008,-1,0,0,-0.002487562,0.0025,-0.002487562,0,400,92000,0.37
2010,0,0,2009,2009,2009,0,-0.062227754,0,0,0,0,0.005,0,-0.00248139,-0.5,5800,76000,-0.04
2010,10,0.5,2009,2009,2009,-0.082987552,0,0,0,0,0,0,-0.00248139,0,0.997512438,-300,1000,0.48
2000,-10,-0.497512438,2009,2009,2009,-0.165700083,-0.124300808,-0.099453008,0,0,0,-0.00248139,0,0,-0.24937348,800,-21000,0.69
2010,-5,-0.248138958,2011,2011,2011,0,0,-0.099354198,0,0,0,-0.004975124,-0.004975124,-0.004975124,-0.496895177,300,1000,0.5
2015,5,0.248756219,2013,2013,2013,0.08291874,-0.062111801,0,0,0,0,0,0,-0.004950495,0.248756219,-4200,-98000,0.31
2010,0,0,2013,2013,2013,-0.165562914,-0.062073246,-0.099255583,0,0,0,0.002487562,-0.002475248,0,0,3200,31000,-1.02
2010,0,0,2015,2015,2015,-0.082712986,-0.12399256,0,-1,0,0,-0.004950495,-0.00248139,-0.004950495,0.495049505,0,10000,-1.56
2010,-10,-0.495049505,2015,2015,2015,-0.165152766,0,0.049652433,0,0,0,-0.00248139,-0.004950495,0,-0.743188463,2400,29000,-1.26
2020,5,0.248138958,2014,2014,2014,0.165425972,0.186335404,0.149179513,0,0,0,-0.004950495,0,0.002493766,0.49566371,1500,5000,-2.69
2015,-5,-0.247524752,2011,2011,2011,0.165700083,0.124378109,0.049751244,0,0,0,0.004975124,0.007481297,0.007481297,-0.74503719,-500,-18000,-0.76
2020,10,0.497512438,2010,2010,2010,0.249169435,0.124533001,0.149476831,0,0,0,0.004987531,0.004987531,0.002487562,0.248135879,2500,104000,0.09
2010,5,0.249376559,2007,2007,2007,0,0.062305296,-0.049800797,0,0,0,0.007481297,0.004975124,0.007481297,0.249376559,400,5000,0.04
2005,0,0,2008,2008,2008,0,-0.124455507,-0.149179513,0,0,0,0,0.002493766,-0.00248139,0.248756219,1100,34000,0.32
2005,-5,-0.248756219,2011,2011,2011,-0.165837479,-0.186335404,-0.049701789,0,0,0,0,-0.004962779,-0.007425743,-0.498132778,1000,1000,0.68
2010,5,0.249376559,2012,2012,2012,-0.165562914,0,0.099502488,0,0,0,-0.004962779,-0.007425743,-0.002487562,0.745654475,900,-10000,0.82
2005,-10,-0.496277916,2010,2010,2010,-0.082712986,0.062150404,-0.049726504,0,0,0,-0.004950495,0,0.005,-0.248753164,1200,36000,1.11
2015,-5,-0.247524752,2011,2011,2011,0.248756219,0.062189055,0.099552016,0,0,0,-0.002487562,0.0025,-0.002487562,-0.74503719,1200,48000,-0.54
2020,10,0.497512438,2009,2009,2009,0.166112957,0.186915888,0.149551346,0,0,0,0.0075,0.002487562,0.004987531,-0.002487562,-300,56000,1.76
2010,10,0.5,2006,2006,2006,0.08312552,0.06234414,0.049875312,0,0,0,0.004975124,0.007481297,0.007481297,0.997512438,1800,12000,-0.02
2000,-10,-0.497512438,2005,2005,2005,-0.083056478,-0.062305296,-0.049850449,0,0,0,0.002493766,0.002493766,0.002493766,-0.746888997,1800,36000,-1.18
2010,5,0.249376559,2006,2006,2006,0.08312552,0.06234414,0.099800399,0,0,0,-0.002493766,-0.002493766,-0.002493766,0.249376559,-600,-22000,-2.1
2005,0,0,2004,2004,2004,0,0.062383032,-0.049875312,0,0,0,0.002493766,0.002493766,0.005,0,100,8000,0.34
2005,0,0,2005,2005,2005,0.083194676,-0.06234414,-0.049850449,-1,0,0,0,0.0025,-0.002487562,0,100,6000,0.2
2005,0,0,2006,2006,2006,-0.08312552,-0.062305296,0,0,0,0,0.0025,-0.002487562,-0.002487562,-0.25,900,6000,0.37
2005,5,0.25,2006,2006,2006,-0.083056478,0,-0.099601594,0,0,0,-0.002487562,-0.002487562,0,0.747512438,-300,-1000,-0.24
2000,-10,-0.497512438,2008,2008,2008,-0.082987552,-0.186567164,-0.099502488,0,0,0,-0.002487562,0,-0.004962779,-0.497512438,-500,-46000,-0.65
2010,0,0,2010,2010,2010,-0.08291874,0,0.049776008,0,0,0,-0.002493766,-0.007444169,-0.004975124,-0.249376559,300,-25000,-0.02
2010,5,0.249376559,2009,2009,2009,0,0.062227754,0.099651221,0,0,0,-0.00248139,0,0.002493766,0.745654475,100,2000,1.07
2005,-10,-0.496277916,2007,2007,2007,0,0.062266501,0.049850449,0,0,0,0,0.002493766,0.005,-0.745034135,-200,24000,0.34
2015,5,0.248756219,2006,2006,2006,0.249376559,0.187149095,0.099800399,0,0,0,0,0.0025,0.0025,-0.00062034,1000,8000,0.82
2010,5,0.249376559,2004,2004,2004,0.166527893,0.062421973,0.0999001,1,0,0,0.0075,0.0075,0.004987531,-0.000623441,200,-3000,-0.83
2005,5,0.25,2002,2002,2002,0,0.062460962,0,0,0,0,0.005,0.002493766,0.005,0.25,600,-7000,0.52
2000,0,0,2002,2002,2002,0,-0.062421973,0,0,0,0,0,0.0025,0,0.249376559,300,42000,0.7
2000,-5,-0.249376559,2002,2002,2002,-0.083194676,0,-0.099800399,0,0,0,0,-0.002493766,0,-0.499376559,1000,60000,0.26
2005,5,0.25,2004,2004,2004,0.083263947,-0.062383032,-0.099700897,0,0,0,-0.002493766,0,-0.004975124,0.499376559,3700,19000,0.93
2000,-5,-0.249376559,2006,2006,2006,-0.166251039,-0.186799502,-0.149328024,0,0,0,0.0025,-0.002487562,-0.004962779,-0.499376559,-3000,-64000,-1.48
2005,5,0.25,2009,2009,2009,-0.165975104,-0.124378109,0.049800797,0,0,0,-0.004975124,-0.007444169,-0.007444169,0.747512438,200,-19000,-1.02
2000,-10,-0.497512438,2008,2008,2008,-0.248344371,0,-0.099502488,0,0,0,-0.004962779,-0.004962779,0.0025,-0.24937348,-2100,-72000,-1.31
2010,-5,-0.248138958,2010,2010,2010,0.165837479,0,0.099601594,-1,0,0,-0.007444169,0,-0.004975124,-0.248138958,2200,7000,0.02
2015,0,0,2008,2008,2008,0.082987552,0.186915888,0.149625935,0,0,0,0.005,0,0.005,-0.75,100,-6000,0.74
2015,15,0.75,2005,2005,2005,0.249584027,0.187265918,0.0499002,0,0,0,0.002487562,0.0075,0.0075,1.247512438,-1500,-4000,0.25
2000,-10,-0.497512438,2004,2004,2004,0,-0.124688279,-0.099700897,0,0,0,0.0075,0.0075,0.002487562,-0.997512438,-2500,-61000,-3.17
2010,10,0.5,2006,2006,2006,0,0,0,0,0,0,0,-0.004975124,-0.004975124,0.5,2500,20000,0.6
2000,0,0,2006,2006,2006,-0.166112957,-0.124533001,-0.04982561,0,0,0,0,0,0,0.497512438,-500,20000,-0.19
2000,-10,-0.497512438,2007,2007,2007,-0.165837479,-0.062227754,-0.049800797,-1,-1,0,-0.004975124,-0.004975124,-0.002493766,-0.497512438,1400,22000,-0.16
2010,0,0,2008,2008,2008,0.082987552,0.062266501,0.099700897,-1,0,0,-0.004975124,-0.002493766,-0.002493766,0,-3800,-102000,-2.92
2010,0,0,2006,2006,2006,0.083056478,0.124688279,0.049875312,0,0,0,0.002493766,0.002493766,0.005,-0.249376559,1600,-2000,-0.34
2010,5,0.249376559,2005,2005,2005,0.166389351,0.062383032,0.0499002,0,0,0,0.002493766,0.005,0.002493766,0.249376559,-3600,-8000,-0.87
2005,0,0,2004,2004,2004,0,0,-0.049875312,0,0,0,0.005,0.002493766,0.002493766,-0.25,-2600,-43000,-1.54
2005,5,0.25,2005,2005,2005,0,-0.06234414,-0.099651221,0,0,0,0,0,-0.002487562,0.499376559,1800,-11000,0.82
2000,-5,-0.249376559,2007,2007,2007,-0.166112957,-0.186683261,-0.149253731,0,0,0,0,-0.002487562,-0.004962779,-0.249376559,-100,-6000,0.11
2005,0,0,2010,2010,2010,-0.165837479,-0.124300808,0,-1,-1,-1,-0.004975124,-0.007444169,-0.007444169,0.248756219,300,23000,0.35
2005,-5,-0.248756219,2010,2010,2010,-0.165562914,0,-0.049726504,-1,-1,0,-0.004962779,-0.004962779,0,-0.000617261,200,-5000,1.21
2010,-5,-0.248138958,2011,2011,2011,0.082850041,0,0,-1,0,0,-0.004962779,0,-0.002487562,-0.248138958,-400,10000,2.27
2015,0,0,2011,2011,2011,0.08291874,0.062189055,0.049751244,0,0,0,0.002493766,0,0,-0.498753117,100,8000,0.81
2015,10,0.498753117,2010,2010,2010,0.082987552,0.062227754,0.049776008,0,0,0,0.002487562,0.002487562,0.002487562,0.747509336,500,-4000,0.27
2005,-5,-0.248756219,2009,2009,2009,-0.08291874,-0.062189055,0.199501247,0,0,0,0.002487562,0.002487562,0.002487562,-0.248756219,1700,34000,0.41
2010,0,0,2005,2005,2005,0,0.311915159,0.25,-1,-1,0,-0.002487562,-0.002487562,0.010075567,0,-100,44000,-0.73
2010,0,0,2000,2000,2000,0.416319734,0.312891114,0.250626566,-1,0,0,0,0.012594458,0.012594458,0,1700,17000,-0.07
2010,0,0,1995,1995,1995,0.418060201,0.313873195,0.301659125,0,0,0,0.012594458,0.012594458,0.012594458,-1.259445844,700,40000,-0.96
2010,25,1.259445844,1989,1989,1989,0.419815281,0.378071834,0.353178607,0,0,0,0.012594458,0.012594458,0.015151515,1.259445844,-1500,-10000,0.06
1985,0,0,1982,1982,1982,0.084033613,0.126182965,0.101010101,0,0,0,0.012594458,0.015151515,0.017721519,0,100,24000,-0.29
1985,0,0,1980,1980,1980,0.168350168,0.126342388,0.151745068,0,0,0,0.002525253,0.005063291,0.005063291,-0.252525253,2200,29000,1.14
1985,5,0.252525253,1977,1977,1977,0.168634064,0.189873418,0.151975684,0,0,0,0.005063291,0.005063291,0.007614213,-0.000639304,-500,-11000,-0.64
1980,5,0.253164557,1974,1974,1974,0.168918919,0.126742712,0.101419878,0,0,0,0.005063291,0.007614213,0.007614213,0.253164557,-1100,-16000,-3.1
1975,0,0,1972,1972,1972,0.084530854,0.063411541,0.050735667,0,0,0,0.005076142,0.005076142,0.005076142,-0.253807107,-1100,-20000,-0.25
1975,5,0.253807107,1971,1971,1971,0.084602369,0.063451777,0.050761421,0,0,0,0.002538071,0.002538071,0.002538071,0.253807107,1300,12000,0.17
1970,0,0,1970,1970,1970,0,0,0.050787202,0,0,0,0.002538071,0.002538071,0.002538071,0,-2000,-30000,-0.3
1970,0,0,1969,1969,1969,0,0.063492063,0.101677682,-1,-1,0,0,0,0.002544529,0,1700,1000,0.83
1970,0,0,1967,1967,1967,0.084674005,0.127145582,0.0508647,-1,0,0,0,0.002544529,0.005102041,0,2500,33000,0.32
1970,0,0,1966,1966,1966,0.169635284,0.063613232,0.050890585,0,0,0,0.002544529,0.005102041,0.002544529,-0.254452926,0,-17000,1.23
1970,5,0.254452926,1965,1965,1965,0.084889643,0.063653724,0,0,0,0,0.005102041,0.002544529,0.002544529,-0.000649115,200,24000,0.36
1965,5,0.255102041,1965,1965,1965,0,-0.063613232,-0.0508647,0,0,0,0.002544529,0.002544529,0,0.509554967,800,-33000,-0.55
1960,-5,-0.254452926,1966,1966,1966,-0.169491525,-0.127064803,-0.050838841,0,0,0,0,-0.002538071,-0.002538071,-0.254452926,1200,79000,-1.11
1965,0,0,1967,1967,1967,-0.084674005,0,0,-1,-1,0,-0.005076142,-0.005076142,-0.002544529,0.253807107,2300,49000,-0.68
1965,-5,-0.253807107,1967,1967,1967,0,0,-0.050813008,-1,0,0,-0.002538071,0,0,-0.253807107,-100,-5000,0.62
1970,0,0,1968,1968,1968,0.084745763,0,0,0,0,0,0,0,-0.002538071,-0.254452926,1300,16000,-0.21
1970,5,0.254452926,1968,1968,1968,0,0,-0.050787202,0,0,0,0.002544529,0,0,0.254452926,500,-2000,-0.25
1965,0,0,1969,1969,1969,-0.084674005,-0.126903553,-0.050761421,0,0,0,0,0,-0.002531646,0.253807107,1300,1000,0.97
1965,-5,-0.253807107,1970,1970,1970,-0.169061708,-0.063411541,-0.050735667,-1,-1,0,-0.002538071,-0.005063291,-0.002538071,-0.253807107,-800,-36000,-1.87
1970,0,0,1971,1971,1971,0,0,0,-1,0,0,-0.005063291,-0.002538071,-0.002538071,0.253164557,1600,47000,0.44
1970,-5,-0.253164557,1971,1971,1971,0,0,0.101574403,0,0,0,0,0,0,-0.506971664,200,-7000,1.77
1975,5,0.253807107,1969,1969,1969,0.084602369,0.190597205,0.050813008,0,0,0,0,0,0.005102041,0.253807107,400,-32000,0.47
1970,0,0,1968,1968,1968,0.169491525,0,0,0,0,0,0.002538071,0.007653061,0.002538071,0,-1000,-1000,0.66
1970,0,0,1968,1968,1968,0,0,0,0,0,0,0.005102041,0,0,-0.510204082,700,64000,0.79
1970,10,0.510204082,1968,1968,1968,0,0,-0.050787202,0,0,0,0,0,0,1.017818295,-600,-1000,0.32
1960,-10,-0.507614213,1969,1969,1969,-0.169204738,-0.190234623,-0.101471334,0,0,0,0,0,-0.002531646,-0.507614213,-400,3000,0.28
1970,0,0,1971,1971,1971,-0.084530854,0,-0.050709939,-1,-1,0,-0.005076142,-0.007594937,-0.005076142,0,-500,-49000,1.43
1970,0,0,1972,1972,1972,0,-0.063371356,-0.050684237,-1,0,0,-0.002531646,0,-0.002531646,0.253164557,800,-23000,-0.56
1970,-5,-0.253164557,1973,1973,1973,-0.084459459,-0.063331222,-0.050658561,0,0,0,0,-0.002531646,-0.002531646,-0.506971664,1300,20000,1.13
1975,5,0.253807107,1974,1974,1974,0,0,0,0,0,0,-0.002531646,-0.002531646,-0.002531646,0.506971664,0,40000,-0.68
1970,-5,-0.253164557,1974,1974,1974,-0.084388186,-0.063291139,-0.050632911,0,0,0,0,0,0,-0.253164557,700,-2000,-0.8
1975,0,0,1975,1975,1975,0,0,0,-1,-1,-1,-0.002531646,-0.002531646,-0.002531646,0,-900,-9000,0.46
1975,0,0,1975,1975,1975,0,0,0,-1,-1,-1,0,0,0,0,1800,19000,-0.3
1975,0,0,1975,1975,1975,0,0,0.101368474,-1,-1,-1,0,0,0,0,-1500,-61000,0.85
1975,0,0,1973,1973,1973,0,0.126742712,0.050709939,-1,-1,0,0,0,0.005089059,0,1000,-20000,-0.07
1975,0,0,1972,1972,1972,0.169061708,0.063411541,0,-1,0,0,0,0.005089059,0.002538071,0,-600,-2000,0.41
1975,0,0,1972,1972,1972,0.084602369,0,0.050735667,0,0,0,0.005089059,0.002538071,0,-0.508905852,-300,14000,-1.69
1975,10,0.508905852,1971,1971,1971,0,0.063451777,0.050761421,0,0,0,0.002538071,0,0.002538071,0.762712959,300,14000,-0.15
1965,-5,-0.253807107,1970,1970,1970,-0.084530854,-0.063411541,-0.050735667,0,0,0,0,0.002538071,0.002538071,-0.00064255,-1100,16000,-0.21
1970,-5,-0.253164557,1971,1971,1971,0,0,0.101574403,0,0,0,-0.002538071,-0.002538071,-0.002538071,-0.506971664,800,-5000,2.45
1975,5,0.253807107,1969,1969,1969,0.084602369,0.190597205,-0.050761421,0,0,0,0,0,0.005102041,0.253807107,-1300,-71000,0.44
1970,0,0,1970,1970,1970,0.169491525,-0.126903553,-0.050735667,0,0,0,0.002538071,0.007653061,-0.002525253,0,1000,75000,1.22
1970,0,0,1971,1971,1971,-0.169204738,-0.063411541,0.050761421,0,0,0,0.005102041,-0.005050505,-0.002531646,-0.510204082,500,31000,1.43
1970,10,0.510204082,1970,1970,1970,-0.084530854,0.063451777,0.152516523,0,0,0,-0.005050505,-0.002531646,0.002544529,1.520305092,1400,14000,-0.26
1960,-20,-1.01010101,1967,1967,1967,-0.084459459,0.063492063,-0.152284264,0,0,0,-0.002531646,0.002544529,0.007672634,-1.263265567,400,39000,0.26
1980,5,0.253164557,1970,1970,1970,0.42408821,0.063532402,0,0,0,0,-0.002544529,0.002557545,-0.007594937,-0.255741295,-100,52000,-1.41
1975,10,0.508905852,1970,1970,1970,0,-0.063492063,0.050787202,1,0,0,0.012787724,0.002531646,0,-0.002603099,1300,5000,0.88
1965,10,0.511508951,1969,1969,1969,-0.253807107,-0.063451777,0,0,0,0,0,-0.002525253,0.002538071,1.524167179,0,73000,1.43
1955,-20,-1.012658228,1969,1969,1969,-0.253164557,-0.126742712,-0.101471334,0,0,0,-0.007575758,-0.002538071,0,-0.760132975,400,24000,-1.08
1975,-5,-0.252525253,1971,1971,1971,0.169061708,0.126903553,0.152439024,0,0,0,-0.007614213,-0.005089059,-0.005089059,-0.760139466,600,24000,0.1
1980,10,0.507614213,1968,1968,1968,0.254237288,0.254452926,0.203665988,0,0,0,0.005089059,0.005089059,0.007653061,0.253161287,1550,-31000,-0.6
1970,5,0.254452926,1964,1964,1964,0.169779287,0.127388535,0.152983172,0,0,0,0.007633588,0.010204082,0.010204082,0.254452926,-350,-30000,-0.06
1965,0,0,1961,1961,1961,0.084961767,0.12755102,0.102092905,0,0,0,0.005102041,0.005102041,0.007672634,-0.255102041,1000,-3000,1.25
1965,5,0.255102041,1959,1959,1959,0.170212766,0.127713921,0.102197241,0,0,0,0.00255102,0.00511509,0.00511509,0.255102041,-600,-23000,1.79
1960,0,0,1957,1957,1957,0.085178876,0.063897764,-0.051072523,0,0,0,0.00511509,0.00511509,0.00511509,-0.255754476,50,-20000,-0.37
1960,5,0.255754476,1958,1958,1958,0.085251492,-0.06385696,0,0,0,0,0.002557545,0.002557545,-0.002544529,0.255754476,750,26000,-0.32
1955,0,0,1958,1958,1958,-0.170212766,-0.063816209,0,0,0,0,0.002557545,-0.002544529,0,0,150,15000,0.17
1955,0,0,1958,1958,1958,-0.085034014,0,0.05109862,-1,0,0,-0.005089059,-0.00255102,0,0.508905852,-150,-17000,0.23
1955,-10,-0.508905852,1957,1957,1957,0,0.06385696,0.051124744,0,0,0,-0.00255102,0,0.002564103,-0.764007893,-800,17000,-1.77
1965,5,0.255102041,1956,1956,1956,0.255754476,0.19193858,-0.05109862,0,0,0,0,0.002564103,0.002564103,-0.000652435,400,-12000,0.12
1960,5,0.255754476,1957,1957,1957,0.170794193,-0.127795527,-0.051072523,1,0,0,0.007692308,0.007692308,-0.002538071,-0.00065578,-900,-15000,0.96
1955,5,0.256410256,1958,1958,1958,-0.255536627,-0.127632419,0,0,0,0,0.005128205,-0.005076142,-0.002544529,0.256410256,-700,3000,0.75
1950,0,0,1958,1958,1958,-0.254885302,-0.06377551,-0.152983172,0,0,0,-0.007614213,-0.005089059,0,1.015228426,-800,32000,-0.1
1950,-20,-1.015228426,1961,1961,1961,-0.084889643,-0.190961171,-0.10188487,0,0,0,-0.007633588,-0.002557545,-0.007633588,-1.269681352,1300,12000,1
1970,5,0.254452926,1963,1963,1963,0.084961767,0.127469726,0.101988781,0,0,0,-0.002557545,-0.007633588,-0.005102041,-0.257056025,-400,-39000,-0.68
1965,10,0.511508951,1961,1961,1961,0.085034014,0.06377551,0,0,0,0,0.002544529,0.005102041,0.005102041,1.020414803,-400,10000,0.61
1955,-10,-0.508905852,1961,1961,1961,-0.084961767,-0.127388535,0,0,0,0,0.00255102,0.00255102,0,-0.764007893,500,15000,0.94
1965,5,0.255102041,1961,1961,1961,0,0.12755102,0.102092905,0,0,0,-0.00255102,-0.005089059,0,0.255102041,100,14000,1.32
1960,0,0,1959,1959,1959,0.085034014,0.063816209,-0.101988781,0,0,0,0,0.00511509,0.00511509,0.254452926,1200,-15000,-0.75
1960,-5,-0.254452926,1961,1961,1961,0.085106383,-0.127469726,0.153217569,0,0,0,0.002557545,0.002557545,-0.005076142,-0.765961877,1050,-15000,1.38
1965,10,0.511508951,1958,1958,1958,-0.085034014,0.255591054,0.358790364,0,0,0,0.002557545,-0.005076142,0.007712082,0.511508951,-200,-33000,0.24
1955,0,0,1951,1951,1951,0.170357751,0.320512821,0.256937307,0,0,0,-0.002538071,0.010282776,0.018134715,0.76142132,1100,-5000,-1.09
1955,-15,-0.76142132,1946,1946,1946,0.427715997,0.321543408,0.257599176,0,0,0,0.005141388,0.012953368,0.012953368,-2.046768364,-50,33000,-0.78
1970,25,1.285347044,1941,1941,1941,0.689061154,0.517129929,0.51786639,0,0,0,0.012953368,0.012953368,0.012953368,0.508144971,850,-25000,-0.65
1945,15,0.777202073,1931,1931,1931,0.259067358,0.324254215,0.15560166,0,0,0,0.020725389,0.020725389,0.026041667,0.777202073,-2400,28000,0.31
1930,0,0,1928,1928,1928,0.173010381,0,0,0,0,0,0.007772021,0.013020833,0.007772021,0,350,22000,0.15
1930,0,0,1928,1928,1928,0,0,-0.051840332,0,0,0,0.005208333,0,0,-0.520833333,-1500,2000,-0.2
1930,10,0.520833333,1929,1929,1929,0,-0.064808814,-0.051813472,0,0,0,0,0,-0.002583979,1.038968048,-700,38000,-0.47
1920,-10,-0.518134715,1930,1930,1930,-0.258843831,-0.194049159,-0.155199172,0,0,0,0,-0.002583979,-0.002583979,-0.518134715,1800,21000,0.76
1930,0,0,1933,1933,1933,-0.086206897,-0.064641241,-0.051706308,-1,-1,-1,-0.007751938,-0.007751938,-0.007751938,0.258397933,1200,-1000,0.7
1930,-5,-0.258397933,1934,1934,1934,-0.086132644,-0.064599483,-0.051679587,-1,-1,-1,-0.002583979,-0.002583979,-0.002583979,-0.258397933,0,0,0.43
1935,0,0,1935,1935,1935,0,0,0.051706308,-1,-1,-1,-0.002583979,-0.002583979,-0.002583979,0,-800,0,0.15
1935,0,0,1934,1934,1934,0,0.064641241,0.051733057,-1,-1,0,0,0,0.002590674,0,-550,6000,0.27
1935,0,0,1933,1933,1933,0.086206897,0.064683053,0.051759834,-1,0,0,0,0.002590674,0.002590674,0,2250,23000,2.45
1935,0,0,1932,1932,1932,0.086281277,0.064724919,0,0,0,0,0.002590674,0.002590674,0.002590674,-0.259067358,-600,-5000,-1.83
1935,5,0.259067358,1932,1932,1932,0.086355786,0,0,0,0,0,0.002590674,0.002590674,0,0.259067358,1000,64000,-0.34
1930,0,0,1932,1932,1932,-0.086281277,-0.064683053,0.051786639,0,0,0,0.002590674,0,0,0,700,19000,-0.29
1930,0,0,1931,1931,1931,-0.086206897,0.064724919,-0.051759834,-1,-1,0,-0.002583979,-0.002583979,0.002597403,0.258397933,-1500,-8000,-0.08
1930,-5,-0.258397933,1932,1932,1932,0.086281277,-0.064683053,0,-1,0,0,-0.002583979,0.002597403,-0.002583979,-0.258397933,-2700,-48000,-0.59
1935,0,0,1932,1932,1932,0,0.064724919,0.051786639,0,0,0,0.002597403,-0.002583979,0,-0.519480519,-400,-6000,-1.11
1935,10,0.519480519,1931,1931,1931,0.086355786,0.064766839,0.103680664,0,0,0,0,0.002590674,0.002590674,1.036276385,-300,18000,0.18
1925,-10,-0.516795866,1929,1929,1929,-0.086281277,0,-0.051813472,0,0,0,0.002590674,0.002590674,0.005194805,-0.775863224,1000,14000,-0.46
1935,5,0.259067358,1930,1930,1930,0.172860847,0.064808814,0.051840332,0,0,0,-0.002590674,0,-0.002590674,0.259067358,-500,40000,0.36
1930,0,0,1929,1929,1929,0,0,0.103788272,0,0,0,0.005194805,0.002590674,0.002590674,-0.25974026,800,-8000,0.42
1930,5,0.25974026,1927,1927,1927,0,0.129785853,0.05192108,0,0,0,0,0,0.005208333,0.518807618,1700,15000,1.17
1925,-5,-0.259067358,1926,1926,1926,0.08650519,0,-0.051894136,0,0,0,0,0.005208333,0.002597403,-0.259067358,-550,7000,0.36
1930,0,0,1927,1927,1927,0.086580087,0,0,0,0,0,0.002604167,0,-0.002590674,-0.520833333,-2250,-19000,-0.64
1930,10,0.520833333,1927,1927,1927,0,0,0,0,0,0,0.002597403,0,0,0.780573593,700,-20000,-0.61
1920,-5,-0.25974026,1927,1927,1927,-0.172860847,-0.129617628,-0.207146556,0,0,0,0,0,0,-0.000672902,-2700,-2000,-0.33
1925,-5,-0.259067358,1931,1931,1931,-0.086355786,-0.194049159,-0.103466115,-1,-1,-1,-0.005181347,-0.005181347,-0.010309278,-0.259067358,-1900,0,0.47
1930,0,0,1933,1933,1933,-0.172413793,-0.064641241,-0.051706308,-1,-1,0,-0.002590674,-0.007731959,-0.005167959,0,1300,-21000,0.81
1930,0,0,1934,1934,1934,-0.086132644,-0.064599483,-0.103305785,-1,0,0,-0.005154639,-0.002583979,-0.002583979,0.515463918,-400,-37000,-1.29
1930,-10,-0.515463918,1936,1936,1936,-0.08605852,-0.129032258,-0.103199174,0,0,0,-0.002583979,-0.002583979,-0.005154639,-0.773861851,0,5000,-0.44
1940,5,0.258397933,1938,1938,1938,0,0,0,0,0,0,-0.002583979,-0.005154639,-0.005154639,0.258397933,900,5000,-0.23
1935,0,0,1938,1938,1938,-0.085984523,-0.064474533,0,0,0,0,0,0,0,0.257731959,-1200,12000,-1.54
1935,-5,-0.257731959,1938,1938,1938,-0.085910653,0,-0.051572976,-1,-1,0,-0.00257732,-0.00257732,0,-0.257731959,300,-17000,0.38
1940,0,0,1939,1939,1939,0.085984523,0,0,-1,0,0,-0.00257732,0,-0.00257732,0,400,-22000,-0.39
1940,0,0,1939,1939,1939,0,0,0,0,0,0,0.002583979,0,0,-0.258397933,1600,25000,0.99
1940,5,0.258397933,1939,1939,1939,0,0,0,0,0,0,0,0,0,0.516129892,100,62000,0.37
1935,-5,-0.257731959,1939,1939,1939,-0.085910653,-0.06443299,-0.051546392,0,0,0,0,0,0,-0.257731959,800,5000,-0.04
1940,0,0,1940,1940,1940,0,0,0,-1,-1,-1,-0.00257732,-0.00257732,-0.00257732,0,1650,43000,-0.39
1940,0,0,1940,1940,1940,0,0,0,-1,-1,-1,0,0,0,0,-450,-14000,-0.68
1940,0,0,1940,1940,1940,0,0,0,-1,-1,0,0,0,0,0,750,27000,0.59
1940,0,0,1940,1940,1940,0,0,0,-1,0,0,0,0,0,0,-450,-1000,1.26
1940,0,0,1940,1940,1940,0,0,0,0,0,0,0,0,0,0,0,15000,-0.67
1940,0,0,1940,1940,1940,0,0,0,0,0,0,0,0,0,0,-1000,-40000,-1.51
